qid,name,body,startyear,endyear
Q5716261,Henrik Söderbaum,Nobel Committee for Chemistry,1900,1933
Q6240299,Oskar Widman,Nobel Committee for Chemistry,1900,1928
Q6047248,Otto Pettersson,Nobel Committee for Chemistry,1900,1912
Q377822,Per Teodor Cleve,Nobel Committee for Chemistry,1900,1905
Q5786924,Olof Hammarsten,Nobel Committee for Chemistry,1905,1926
Q186391,The Svedberg,Nobel Committee for Chemistry,1925,1964
Q6238013,Arne Westgren,Nobel Committee for Chemistry,1926,NA
Q6034173,Wilhelm Palmær,Nobel Committee for Chemistry,1926,1942
Q76613,Hans von Euler-Chelpin,Nobel Committee for Chemistry,1929,1946
Q5810786,Bror Holmberg,Nobel Committee for Chemistry,1934,1953
Q6238013,Arne Westgren,Nobel Committee for Chemistry,1942,1964
Q6256995,Arne Ölander,Nobel Committee for Chemistry,1943,1965
Q4492548,Arne Fredga,Nobel Committee for Chemistry,1944,1975
Q233026,Arne Tiselius,Nobel Committee for Chemistry,1947,1971
Q5999605,Karl Myrbäck,Nobel Committee for Chemistry,1954,1975
Q6256995,Arne Ölander,Nobel Committee for Chemistry,1965,1974
Q5819153,Gunnar Hägg,Nobel Committee for Chemistry,1965,1976
Q5971682,Arne Magnéli,Nobel Committee for Chemistry,1966,1986
Q6189083,Einar Stenhagen,Nobel Committee for Chemistry,1972,1973
Q5974216,Bo G. Malmström,Nobel Committee for Chemistry,1973,1988
Q5573072,Göran Bergson,Nobel Committee for Chemistry,1974,1984
Q5609187,Stig Claesson,Nobel Committee for Chemistry,1975,1983
Q5953399,Bengt Lindberg,Nobel Committee for Chemistry,1976,NA
Q5718294,Lars Ernster,Nobel Committee for Chemistry,1977,1988
Q5737095,Sture Forsén,Nobel Committee for Chemistry,1983,1995
Q5957556,Ingvar Lindqvist,Nobel Committee for Chemistry,1986,NA
Q5908495,Peder Kierkegaard,Nobel Committee for Chemistry,1987,1995
Q6078284,Björn Roos,Nobel Committee for Chemistry,1988,2000
Q5772656,Salo Gronowitz,Nobel Committee for Chemistry,1988,1987
Q5554146,Bertil Andersson,Nobel Committee for Chemistry,1989,1997
Q5588940,Carl-Ivar Brändén,Nobel Committee for Chemistry,1990,2000
Q5626696,Lennart Eberson,Nobel Committee for Chemistry,1995,1994
Q4951154,Astrid Gräslund,Nobel Committee for Chemistry,1996,2014
Q5940426,Torvard C. Laurent,Nobel Committee for Chemistry,1996,1998
Q4887827,Bengt Nordén,Nobel Committee for Chemistry,1998,NA
Q5771065,Ingmar Grenthe,Nobel Committee for Chemistry,1999,1995
Q5619162,Gunnar von Heijne,Nobel Committee for Chemistry,2001,2009
Q6236035,Håkan Wennerström,Nobel Committee for Chemistry,2001,2009
Q6207102,Lars Thelander,Nobel Committee for Chemistry,2006,2011
Q5628115,Måns Ehrenberg,Nobel Committee for Chemistry,2008,2014
Q4951154,Astrid Gräslund,Nobel Committee for Chemistry,2010,2014
Q5777626,Claes Gustafsson,Nobel Committee for Chemistry,2010,NA
Q5902390,Gunnar Karlström,Nobel Committee for Chemistry,2011,NA
Q6062889,Olof Ramström,Nobel Committee for Chemistry,2014,NA
Q5619162,Gunnar von Heijne,Nobel Committee for Chemistry,2015,2020
Q6255800,Johan Åqvist,Nobel Committee for Chemistry,2015,NA
Q5588924,Peter Brzezinski,Nobel Committee for Chemistry,2015,NA
Q23915045,Heiner Linke,Nobel Committee for Chemistry,2016,NA
Q28792589,Pernilla Wittung Stafshede,Nobel Committee for Chemistry,2020,NA
Q5588924,Peter Brzezinski,Nobel Committee for Chemistry,2021,NA
Q47088,Carl David af Wirsén,Nobel Committee for Literature,1900,1912
Q6019298,Carl Rupert Nyblom,Nobel Committee for Literature,1900,1907
Q1040670,Carl Snoilsky,Nobel Committee for Literature,1900,1903
Q731379,Clas Theodor Odhner,Nobel Committee for Literature,1900,1903
Q46778,Hans Hildebrand,Nobel Committee for Literature,1903,1913
Q134641,Erik Axel Karlfeldt,Nobel Committee for Literature,1907,1931
Q1959642,Harald Hjärne,Nobel Committee for Literature,1913,1921
Q597713,Per Hallström,Nobel Committee for Literature,1913,1946
Q1926407,Henrik Schück,Nobel Committee for Literature,1920,1945
Q491355,Anders Österling,Nobel Committee for Literature,1921,1981
Q325547,Fredrik Böök,Nobel Committee for Literature,1929,1950
Q53300,Hjalmar Hammarskjöld,Nobel Committee for Literature,1932,1946
Q5734962,Torsten Fogelqvist,Nobel Committee for Literature,1937,1940
Q331173,Sigfrid Siwertz,Nobel Committee for Literature,1942,1963
Q291194,Hjalmar Gullberg,Nobel Committee for Literature,1947,1961
Q131326,Eyvind Johnson,Nobel Committee for Literature,1959,1972
Q6027049,Henry Olsson,Nobel Committee for Literature,1960,1971
Q5758618,Karl Ragnar Gierow,Nobel Committee for Literature,1963,1982
Q1276321,Erik Lindegren,Nobel Committee for Literature,1964,1968
Q921268,Lars Gyllensten,Nobel Committee for Literature,1968,1987
Q439832,Artur Lundkvist,Nobel Committee for Literature,1969,1986
Q327578,Johannes Edfelt,Nobel Committee for Literature,1972,1987
Q3075563,Östen Sjöstrand,Nobel Committee for Literature,1979,1990
Q237703,Kerstin Ekman,Nobel Committee for Literature,1983,1987
Q949175,Sture Allén,Nobel Committee for Literature,1987,1999
Q541085,Kjell Espmark,Nobel Committee for Literature,1988,2004
Q1933369,Per Wästberg,Nobel Committee for Literature,1999,2019
Q378276,Katarina Frostenson,Nobel Committee for Literature,2002,2018
Q194665,Jesper Svenbro,Nobel Committee for Literature,2006,2020
Q271314,Kristina Lugn,Nobel Committee for Literature,2008,2020
Q347695,Peter Englund,Nobel Committee for Literature,2009,2015
Q2851296,Anne Swärd,Nobel Committee for Literature,2013,2021
Q4944209,Sara Danius,Nobel Committee for Literature,2015,2019
Q263017,Sara Stridsberg,Nobel Committee for Literature,2018,2018
Q382714,Anders Olsson,Nobel Committee for Literature,2019,2019
Q4992066,Hugo Hildebrand Hildebrandsson,Nobel Committee for Physics,1900,1910
Q5792685,Klas Bernhard Hasselberg,Nobel Committee for Physics,1900,1922
Q722373,Knut Ångström,Nobel Committee for Physics,1900,1909
Q455257,Robert Thalén,Nobel Committee for Physics,1900,1903
Q80956,Svante Arrhenius,Nobel Committee for Physics,1900,1927
Q6034173,Wilhelm Palmær,Nobel Committee for Physics,1900,1926
Q5768564,Gustaf Granqvist,Nobel Committee for Physics,1904,1921
Q5602678,Vilhelm Carlheim-Gyllensköld,Nobel Committee for Physics,1910,1934
Q192651,Allvar Gullstrand,Nobel Committee for Physics,1911,1928
Q470384,Carl Wilhelm Oseen,Nobel Committee for Physics,1922,1944
Q170741,Manne Siegbahn,Nobel Committee for Physics,1923,1961
Q6238013,Arne Westgren,Nobel Committee for Physics,1926,1943
Q268899,Henning Pleijel,Nobel Committee for Physics,1928,1947
Q1353969,Erik Hulthén,Nobel Committee for Physics,1929,1962
Q5956355,Axel E. Lindh,Nobel Committee for Physics,1935,1960
Q6256995,Arne Ölander,Nobel Committee for Physics,1943,1965
Q909260,Ivar Waller,Nobel Committee for Physics,1945,1972
Q5621160,Gustaf Ising,Nobel Committee for Physics,1947,1953
Q5789698,Thors Hans Hansson,Nobel Committee for Physics,1950,NA
Q4940250,Olga Botner,Nobel Committee for Physics,1953,NA
Q251524,Oskar Klein,Nobel Committee for Physics,1954,1965
Q209283,Bengt Edlén,Nobel Committee for Physics,1961,1976
Q6082512,Erik Rudberg,Nobel Committee for Physics,1963,1972
Q192712,Kai Siegbahn,Nobel Committee for Physics,1963,1974
Q5971682,Arne Magnéli,Nobel Committee for Physics,1966,1973
Q5816633,Lamek Hulthén,Nobel Committee for Physics,1966,1979
Q526271,Per-Olov Löwdin,Nobel Committee for Physics,1972,1984
Q5967614,Stig Lundqvist,Nobel Committee for Physics,1973,1985
Q6002126,Bengt Nagel,Nobel Committee for Physics,1974,1988
Q5707359,Gösta Ekspong,Nobel Committee for Physics,1975,1988
Q5887861,Sven Johansson,Nobel Committee for Physics,1975,1986
Q5956034,Ingvar Lindgren,Nobel Committee for Physics,1978,1991
Q5040589,Carl Nordling,Nobel Committee for Physics,1985,1997
Q6002126,Bengt Nagel,Nobel Committee for Physics,1986,1997
Q6141771,Erik Karlsson,Nobel Committee for Physics,1987,1998
Q5565531,Anders Bárány,Nobel Committee for Physics,1989,2003
Q1052394,Cecilia Jarlskog,Nobel Committee for Physics,1989,2000
Q5609122,Tord Claeson,Nobel Committee for Physics,1992,2000
Q5891298,Mats Jonson,Nobel Committee for Physics,1997,2005
Q1606226,Sune Svanberg,Nobel Committee for Physics,1998,2006
Q5602937,Per Carlson,Nobel Committee for Physics,1999,2007
Q6015022,Joseph Nordgren,Nobel Committee for Physics,2001,2009
Q6189056,Lennart Stenflo,Nobel Committee for Physics,2001,2006
Q1682217,Lars Bergström,Nobel Committee for Physics,2004,2015
Q5891244,Björn Jonson,Nobel Committee for Physics,2006,NA
Q5885662,Börje Johansson,Nobel Committee for Physics,2006,NA
Q5967829,Ingemar Lundström,Nobel Committee for Physics,2006,2011
Q1806184,Lars Brink,Nobel Committee for Physics,2008,NA
Q5619970,Per Delsing,Nobel Committee for Physics,2010,2014
Q565544,Anne L'Huillier,Nobel Committee for Physics,2015,NA
Q5823183,Gunnar Ingelman,Nobel Committee for Physics,2016,NA
Q6001663,Karl Mörner,Nobel Committee for Physiology/Medicine,1900,NA
NA,Carl Sundberg,Nobel Committee for Physiology/Medicine,1904,1916
Q5886559,Johan Erik Johansson,Nobel Committee for Physiology/Medicine,1904,NA
Q5946428,Frithiof Lennmalm,Nobel Committee for Physiology/Medicine,1908,1910
Q6235004,Edvard Welander,Nobel Committee for Physiology/Medicine,1911,NA
NA,Johan Albin Dalén,Nobel Committee for Physiology/Medicine,1911,NA
Q6255388,Jules Åkerman,Nobel Committee for Physiology/Medicine,1911,NA
Q5749106,Bror Gadelius,Nobel Committee for Physiology/Medicine,1914,NA
Q6237918,Frans Westermark,Nobel Committee for Physiology/Medicine,1914,NA
Q361802,Göran Liljestrand,Nobel Committee for Physiology/Medicine,1918,1960
Q6178944,John Sjöqvist,Nobel Committee for Physiology/Medicine,1918,1928
Q5796462,Gunnar Hedrén,Nobel Committee for Physiology/Medicine,1922,1922
Q5787150,Einar Hammarsten,Nobel Committee for Physiology/Medicine,1929,1930
Q18245057,Alfred Pettersson,Nobel Committee for Physiology/Medicine,1932,1934
Q5801712,Folke Henschen,Nobel Committee for Physiology/Medicine,1935,NA
Q5811491,Gunnar Holmgren,Nobel Committee for Physiology/Medicine,1938,NA
Q361802,Göran Liljestrand,Nobel Committee for Physiology/Medicine,1938,NA
Q6240777,Viktor Wigert,Nobel Committee for Physiology/Medicine,1938,NA
Q5573196,Hilding Bergstrand,Nobel Committee for Physiology/Medicine,1942,1953
Q5557877,Nils Antoni,Nobel Committee for Physiology/Medicine,1942,1954
Q5819389,Gösta Häggqvist,Nobel Committee for Physiology/Medicine,1944,1959
Q5787150,Einar Hammarsten,Nobel Committee for Physiology/Medicine,1951,NA
Q237142,Ulf von Euler,Nobel Committee for Physiology/Medicine,1953,1960
Q6238303,Axel Westman,Nobel Committee for Physiology/Medicine,1955,NA
Q156480,Hugo Theorell,Nobel Committee for Physiology/Medicine,1958,NA
Q237142,Ulf von Euler,Nobel Committee for Physiology/Medicine,1960,1965
Q18649261,Carl-Axel Hamberger,Nobel Committee for Physiology/Medicine,1961,1966
NA,Bengt Gustavsson,Nobel Committee for Physiology/Medicine,1966,1978
Q62560466,Folke Sjöqvist,Nobel Committee for Physiology/Medicine,1972,1999
Q6031117,David Ottoson,Nobel Committee for Physiology/Medicine,1974,1984
Q6017341,Erling Norrby,Nobel Committee for Physiology/Medicine,1975,1980
Q6252300,Rolf Zetterström,Nobel Committee for Physiology/Medicine,1975,1983
Q5958259,Jan Lindsten,Nobel Committee for Physiology/Medicine,1979,1990
NA,Nils Ringertz,Nobel Committee for Physiology/Medicine,1981,1987
Q6029586,Sten Orrenius,Nobel Committee for Physiology/Medicine,1983,2002
Q295768,Bengt Samuelsson,Nobel Committee for Physiology/Medicine,1984,NA
Q18816568,Jan Wersäll,Nobel Committee for Physiology/Medicine,1984,1990
Q2440397,Tomas Hökfelt,Nobel Committee for Physiology/Medicine,1985,NA
Q6240885,Hans Wigzell,Nobel Committee for Physiology/Medicine,1987,NA
Q5749509,Gösta Gahrton,Nobel Committee for Physiology/Medicine,1988,NA
NA,Alf Lindberg,Nobel Committee for Physiology/Medicine,1991,1992
NA,Nils Ringertz,Nobel Committee for Physiology/Medicine,1992,1999
Q6047314,Ralf F. Pettersson,Nobel Committee for Physiology/Medicine,1995,2000
Q6017281,Staffan Normark,Nobel Committee for Physiology/Medicine,1996,2001
NA,Sten Lindahl,Nobel Committee for Physiology/Medicine,1997,2002
Q5557057,Bo Angelin,Nobel Committee for Physiology/Medicine,1998,2003
Q5896429,Hans Jörnvall,Nobel Committee for Physiology/Medicine,2000,2008
Q4919779,Björn Vennström,Nobel Committee for Physiology/Medicine,2001,2006
Q5626632,Göran K. Hansson,Nobel Committee for Physiology/Medicine,2002,2007
Q4968736,Erna Möller,Nobel Committee for Physiology/Medicine,2003,2005
Q6206120,Lars Terenius,Nobel Committee for Physiology/Medicine,2003,2005
Q5741538,Bertil Fredholm,Nobel Committee for Physiology/Medicine,2004,2009
Q1518416,Klas Kärre,Nobel Committee for Physiology/Medicine,2006,2011
Q5938385,Nils-Göran Larsson,Nobel Committee for Physiology/Medicine,2006,2008
Q5946139,Urban Lendahl,Nobel Committee for Physiology/Medicine,2007,2012
Q5821643,Carlos Ibáñez,Nobel Committee for Physiology/Medicine,2008,2011
NA,Jan Andersson,Nobel Committee for Physiology/Medicine,2008,2013
Q5626632,Göran K. Hansson,Nobel Committee for Physiology/Medicine,2009,2014
Q6212428,Rune Toftgård,Nobel Committee for Physiology/Medicine,2010,2014
Q4990943,Juleen Zierath,Nobel Committee for Physiology/Medicine,2011,2016
Q6041808,Thomas Perlmann,Nobel Committee for Physiology/Medicine,2012,2015
Q4990241,Anna Wedell,Nobel Committee for Physiology/Medicine,2013,2018
NA,Ole Kiehn,Nobel Committee for Physiology/Medicine,2014,2018
Q5946139,Urban Lendahl,Nobel Committee for Physiology/Medicine,2015,2016
Q6041808,Thomas Perlmann,Nobel Committee for Physiology/Medicine,2016,NA
Q19975955,Patrik Ernfors,Nobel Committee for Physiology/Medicine,2019,2020
Q42670114,Olle Kämpe,Nobel Committee for Physiology/Medicine,2020,NA
Q5938385,Nils-Göran Larsson,Nobel Committee for Physiology/Medicine,2021,2022
NA,NA,Nobel Committee for Physiology/Medicine,2021,NA
NA,NA,Nobel Committee for Physiology/Medicine,2022,NA
NA,NA,Nobel Committee for Physiology/Medicine,2023,NA
NA,NA,Nobel Committee for Physiology/Medicine,2025,NA
Q46405,Bjørnstjerne Bjørnson,Norwegian Nobel Committee,1901,1906
Q3353361,Hans Jacob Horst,Norwegian Nobel Committee,1901,1930
Q613071,Johannes Steen,Norwegian Nobel Committee,1901,1904
Q4566367,John Lund,Norwegian Nobel Committee,1901,1912
Q457149,Jørgen Løvland,Norwegian Nobel Committee,1901,1921
Q1037067,Carl Berner,Norwegian Nobel Committee,1905,1918
Q1441544,Francis Hagerup,Norwegian Nobel Committee,1907,1920
Q3432012,Cornelius Bernhard Hanssen,Norwegian Nobel Committee,1913,1939
Q1367562,Halvdan Koht,Norwegian Nobel Committee,1919,1938
Q1453302,Fredrik Stang,Norwegian Nobel Committee,1921,1940
NA,Wollert Konow,Norwegian Nobel Committee,1922,1924
Q1770640,Christian Holtermann Knudsen,Norwegian Nobel Committee,1924,1924
Q540308,Johan Ludwig Mowinckel,Norwegian Nobel Committee,1925,1936
Q4570567,Axel Thallaug,Norwegian Nobel Committee,1931,1933
Q206446,Christian Lous Lange,Norwegian Nobel Committee,1934,1938
Q865154,Birger Braadland,Norwegian Nobel Committee,1938,1948
Q3356322,Gunnar Jahn,Norwegian Nobel Committee,1938,1966
Q4753947,Anders Vassbotn,Norwegian Nobel Committee,1939,1939
Q1039034,Carl Joachim Hambro,Norwegian Nobel Committee,1940,1963
Q1316189,Martin Tranmæl,Norwegian Nobel Committee,1940,1963
NA,Halvard Manthey Lange,Norwegian Nobel Committee,1945,1948
NA,Christian Oftedal,Norwegian Nobel Committee,1946,1947
Q5740229,Herman Smitt Ingebretsen,Norwegian Nobel Committee,1946,1946
Q4216656,Aase Lionæs,Norwegian Nobel Committee,1949,1978
Q5621186,Gustav Natvig-Pedersen,Norwegian Nobel Committee,1949,1965
Q337301,John Lyng,Norwegian Nobel Committee,1964,1965
Q1781916,Nils Langhelle,Norwegian Nobel Committee,1964,1967
Q547960,Erling Wikborg,Norwegian Nobel Committee,1965,1969
Q5704553,Helge Refsum,Norwegian Nobel Committee,1965,1972
Q4216414,Bernt Ingvaldsen,Norwegian Nobel Committee,1967,1975
Q5704559,Helge Rognlien,Norwegian Nobel Committee,1967,1973
Q4216423,John Sanness,Norwegian Nobel Committee,1970,1981
Q5349644,Einar Hovdhaugen,Norwegian Nobel Committee,1973,1973
Q1777889,Egil Aarvik,Norwegian Nobel Committee,1974,1989
Q6513655,Trygve Haugeland,Norwegian Nobel Committee,1974,1984
Q2291103,Sjur Lindebrække,Norwegian Nobel Committee,1976,1981
Q5367488,Else Germeten,Norwegian Nobel Committee,1979,1984
Q713176,Francis Sejersted,Norwegian Nobel Committee,1982,1999
Q4251371,Gidske Anderson,Norwegian Nobel Committee,1982,1993
Q1554799,Gunnar Stålsett,Norwegian Nobel Committee,1985,2002
Q337295,Odvar Nordli,Norwegian Nobel Committee,1985,1996
Q6343497,Kaare Sandegren,Norwegian Nobel Committee,1990,1996
Q446300,Hanna Kvanmo,Norwegian Nobel Committee,1991,2002
Q1367511,Kåre Kristiansen,Norwegian Nobel Committee,1991,1994
Q463724,Sissel Rønbeck,Norwegian Nobel Committee,1994,2011
Q5401225,Esther Kostøl,Norwegian Nobel Committee,1997,1997
Q3357149,Gunnar Berge,Norwegian Nobel Committee,1997,2002
Q273317,Inger-Marie Ytterhorn[16],Norwegian Nobel Committee,2000,2017
Q709870,Berge Furre,Norwegian Nobel Committee,2003,2008
Q443370,Kaci Kullmann Five,Norwegian Nobel Committee,2003,2017
Q1938939,Ole Danbolt Mjøs,Norwegian Nobel Committee,2003,2008
Q209611,Thorbjørn Jagland,Norwegian Nobel Committee,2009,2020
Q270841,Ågot Valle[17],Norwegian Nobel Committee,2009,2011
Q3368823,Berit Reiss-Andersen,Norwegian Nobel Committee,2012,2023
NA,Gunnar Stålsett,Norwegian Nobel Committee,2012,2014
Q4967579,Henrik Syse,Norwegian Nobel Committee,2015,2020
Q463758,Anne Enger,Norwegian Nobel Committee,2018,2026
Q4807349,Asle Toje,Norwegian Nobel Committee,2018,2029
Q106372609,Jørgen Watne Frydnes[19],Norwegian Nobel Committee,2021,2026
Q446695,Kristin Clemet[19],Norwegian Nobel Committee,2021,2026
Q1769516,Gry Larsen[20],Norwegian Nobel Committee,2024,2029
