from,p_from,to,p_to,expected,obs,o_minus_e
Australia and New Zealand,0.010553219556434991,Australia and New Zealand,0.007337785472833704,0.9392365405227141,44,43.060763459477286
Australia and New Zealand,0.010553219556434991,Caribbean,0.0017313875834776156,0.2216176106851348,0,-0.2216176106851348
Australia and New Zealand,0.010553219556434991,Central America,0.002885645972462693,0.3693626844752247,0,-0.3693626844752247
Australia and New Zealand,0.010553219556434991,Central Asia,8.244702778464837e-5,0.010553219556434991,0,-0.010553219556434991
Australia and New Zealand,0.010553219556434991,Eastern Asia,0.011295242806496826,1.4457910792315938,0,-1.4457910792315938
Australia and New Zealand,0.010553219556434991,Eastern Europe,0.05771291944925386,7.387253689504494,1,-6.387253689504494
Australia and New Zealand,0.010553219556434991,Northern Africa,0.0015664935279083188,0.2005111715722648,0,-0.2005111715722648
Australia and New Zealand,0.010553219556434991,Northern America,0.37323769478110314,47.7744249319812,31,-16.7744249319812
Australia and New Zealand,0.010553219556434991,Northern Europe,0.1719844999587765,22.01401599472339,41,18.98598400527661
Australia and New Zealand,0.010553219556434991,South America,0.026383048891087477,3.377030258059197,0,-3.377030258059197
Australia and New Zealand,0.010553219556434991,South-Eastern Asia,0.001813834611262264,0.2321708302415698,2,1.7678291697584303
Australia and New Zealand,0.010553219556434991,Southern Asia,0.010388325500865693,1.3297056641108087,0,-1.3297056641108087
Australia and New Zealand,0.010553219556434991,Southern Europe,0.04922087558743507,6.300272075191689,5,-1.300272075191689
Australia and New Zealand,0.010553219556434991,Sub-Saharan Africa,0.004617033555940308,0.5909802951603594,1,0.40901970483964056
Australia and New Zealand,0.010553219556434991,Western Asia,0.00651331519498722,0.8337043449583642,0,-0.8337043449583642
Australia and New Zealand,0.010553219556434991,Western Europe,0.27322945007832466,34.97336961002556,3,-31.973369610025557
Caribbean,0.002473410833539451,Australia and New Zealand,0.007337785472833704,0.22013356418501115,0,-0.22013356418501115
Caribbean,0.002473410833539451,Caribbean,0.0017313875834776156,0.05194162750432848,13,12.948058372495671
Caribbean,0.002473410833539451,Central America,0.002885645972462693,0.0865693791738808,1,0.9134306208261191
Caribbean,0.002473410833539451,Central Asia,8.244702778464837e-5,0.002473410833539451,0,-0.002473410833539451
Caribbean,0.002473410833539451,Eastern Asia,0.011295242806496826,0.33885728419490485,0,-0.33885728419490485
Caribbean,0.002473410833539451,Eastern Europe,0.05771291944925386,1.731387583477616,0,-1.731387583477616
Caribbean,0.002473410833539451,Northern Africa,0.0015664935279083188,0.04699480583724957,0,-0.04699480583724957
Caribbean,0.002473410833539451,Northern America,0.37323769478110314,11.197130843433095,5,-6.197130843433095
Caribbean,0.002473410833539451,Northern Europe,0.1719844999587765,5.159534998763295,0,-5.159534998763295
Caribbean,0.002473410833539451,South America,0.026383048891087477,0.7914914667326244,9,8.208508533267375
Caribbean,0.002473410833539451,South-Eastern Asia,0.001813834611262264,0.05441503833786793,0,-0.05441503833786793
Caribbean,0.002473410833539451,Southern Asia,0.010388325500865693,0.3116497650259708,0,-0.3116497650259708
Caribbean,0.002473410833539451,Southern Europe,0.04922087558743507,1.4766262676230524,2,0.5233737323769476
Caribbean,0.002473410833539451,Sub-Saharan Africa,0.004617033555940308,0.13851100667820926,0,-0.13851100667820926
Caribbean,0.002473410833539451,Western Asia,0.00651331519498722,0.19539945584961663,0,-0.19539945584961663
Caribbean,0.002473410833539451,Western Europe,0.27322945007832466,8.19688350234974,0,-8.19688350234974
Central America,0.002885645972462693,Australia and New Zealand,0.007337785472833704,0.25682249154917963,0,-0.25682249154917963
Central America,0.002885645972462693,Caribbean,0.0017313875834776156,0.06059856542171655,2,1.9394014345782835
Central America,0.002885645972462693,Central America,0.002885645972462693,0.10099760903619426,12,11.899002390963807
Central America,0.002885645972462693,Central Asia,8.244702778464837e-5,0.002885645972462693,0,-0.002885645972462693
Central America,0.002885645972462693,Eastern Asia,0.011295242806496826,0.39533349822738895,1,0.604666501772611
Central America,0.002885645972462693,Eastern Europe,0.05771291944925386,2.019952180723885,0,-2.019952180723885
Central America,0.002885645972462693,Northern Africa,0.0015664935279083188,0.05482727347679116,0,-0.05482727347679116
Central America,0.002885645972462693,Northern America,0.37323769478110314,13.06331931733861,5,-8.06331931733861
Central America,0.002885645972462693,Northern Europe,0.1719844999587765,6.019457498557177,3,-3.019457498557177
Central America,0.002885645972462693,South America,0.026383048891087477,0.9234067111880617,1,0.07659328881193828
Central America,0.002885645972462693,South-Eastern Asia,0.001813834611262264,0.06348421139417924,1,0.9365157886058207
Central America,0.002885645972462693,Southern Asia,0.010388325500865693,0.36359139253029926,0,-0.36359139253029926
Central America,0.002885645972462693,Southern Europe,0.04922087558743507,1.7227306455602274,3,1.2772693544397726
Central America,0.002885645972462693,Sub-Saharan Africa,0.004617033555940308,0.16159617445791077,0,-0.16159617445791077
Central America,0.002885645972462693,Western Asia,0.00651331519498722,0.22796603182455272,0,-0.22796603182455272
Central America,0.002885645972462693,Western Europe,0.27322945007832466,9.563030752741364,7,-2.563030752741364
Eastern Asia,0.01657185258471432,Australia and New Zealand,0.007337785472833704,1.4748948800395745,0,-1.4748948800395745
Eastern Asia,0.01657185258471432,Caribbean,0.0017313875834776156,0.3480089042790007,0,-0.3480089042790007
Eastern Asia,0.01657185258471432,Central America,0.002885645972462693,0.5800148404650013,0,-0.5800148404650013
Eastern Asia,0.01657185258471432,Central Asia,8.244702778464837e-5,0.01657185258471432,0,-0.01657185258471432
Eastern Asia,0.01657185258471432,Eastern Asia,0.011295242806496826,2.270343804105862,79,76.72965619589414
Eastern Asia,0.01657185258471432,Eastern Europe,0.05771291944925386,11.600296809300026,4,-7.600296809300026
Eastern Asia,0.01657185258471432,Northern Africa,0.0015664935279083188,0.31486519910957206,0,-0.31486519910957206
Eastern Asia,0.01657185258471432,Northern America,0.37323769478110314,75.02077665100173,69,-6.020776651001725
Eastern Asia,0.01657185258471432,Northern Europe,0.1719844999587765,34.56888449171407,22,-12.568884491714073
Eastern Asia,0.01657185258471432,South America,0.026383048891087477,5.302992827108583,2,-3.302992827108583
Eastern Asia,0.01657185258471432,South-Eastern Asia,0.001813834611262264,0.36458075686371505,0,-0.36458075686371505
Eastern Asia,0.01657185258471432,Southern Asia,0.010388325500865693,2.0880534256740044,0,-2.0880534256740044
Eastern Asia,0.01657185258471432,Southern Europe,0.04922087558743507,9.89339599307445,4,-5.893395993074449
Eastern Asia,0.01657185258471432,Sub-Saharan Africa,0.004617033555940308,0.928023744744002,0,-0.928023744744002
Eastern Asia,0.01657185258471432,Western Asia,0.00651331519498722,1.3091763541924313,1,-0.3091763541924313
Eastern Asia,0.01657185258471432,Western Europe,0.27322945007832466,54.91911946574326,20,-34.91911946574326
Eastern Europe,0.046417676642757026,Australia and New Zealand,0.007337785472833704,4.131173221205375,2,-2.1311732212053753
Eastern Europe,0.046417676642757026,Caribbean,0.0017313875834776156,0.9747712094978976,0,-0.9747712094978976
Eastern Europe,0.046417676642757026,Central America,0.002885645972462693,1.624618682496496,0,-1.624618682496496
Eastern Europe,0.046417676642757026,Central Asia,8.244702778464837e-5,0.04641767664275703,0,-0.04641767664275703
Eastern Europe,0.046417676642757026,Eastern Asia,0.011295242806496826,6.359221700057713,0,-6.359221700057713
Eastern Europe,0.046417676642757026,Eastern Europe,0.05771291944925386,32.492373649929924,312,279.5076263500701
Eastern Europe,0.046417676642757026,Northern Africa,0.0015664935279083188,0.8819358562123835,0,-0.8819358562123835
Eastern Europe,0.046417676642757026,Northern America,0.37323769478110314,210.13282216176106,114,-96.13282216176106
Eastern Europe,0.046417676642757026,Northern Europe,0.1719844999587765,96.82727347679116,68,-28.827273476791163
Eastern Europe,0.046417676642757026,South America,0.026383048891087477,14.85365652568225,0,-14.85365652568225
Eastern Europe,0.046417676642757026,South-Eastern Asia,0.001813834611262264,1.0211888861406546,0,-1.0211888861406546
Eastern Europe,0.046417676642757026,Southern Asia,0.010388325500865693,5.848627256987385,0,-5.848627256987385
Eastern Europe,0.046417676642757026,Southern Europe,0.04922087558743507,27.711352955725946,3,-24.711352955725946
Eastern Europe,0.046417676642757026,Sub-Saharan Africa,0.004617033555940308,2.5993898919943934,0,-2.5993898919943934
Eastern Europe,0.046417676642757026,Western Asia,0.00651331519498722,3.666996454777805,1,-2.666996454777805
Eastern Europe,0.046417676642757026,Western Europe,0.27322945007832466,153.8281803940968,63,-90.82818039409679
Northern Africa,0.002968093000247341,Australia and New Zealand,0.007337785472833704,0.26416027702201333,0,-0.26416027702201333
Northern Africa,0.002968093000247341,Caribbean,0.0017313875834776156,0.062329953005194165,0,-0.062329953005194165
Northern Africa,0.002968093000247341,Central America,0.002885645972462693,0.10388325500865694,0,-0.10388325500865694
Northern Africa,0.002968093000247341,Central Asia,8.244702778464837e-5,0.002968093000247341,0,-0.002968093000247341
Northern Africa,0.002968093000247341,Eastern Asia,0.011295242806496826,0.40662874103388574,0,-0.40662874103388574
Northern Africa,0.002968093000247341,Eastern Europe,0.05771291944925386,2.0776651001731388,0,-2.0776651001731388
Northern Africa,0.002968093000247341,Northern Africa,0.0015664935279083188,0.056393767004699474,9,8.9436062329953
Northern Africa,0.002968093000247341,Northern America,0.37323769478110314,13.436557012119714,10,-3.4365570121197138
Northern Africa,0.002968093000247341,Northern Europe,0.1719844999587765,6.191441998515954,3,-3.1914419985159537
Northern Africa,0.002968093000247341,South America,0.026383048891087477,0.9497897600791492,0,-0.9497897600791492
Northern Africa,0.002968093000247341,South-Eastern Asia,0.001813834611262264,0.0652980460054415,0,-0.0652980460054415
Northern Africa,0.002968093000247341,Southern Asia,0.010388325500865693,0.3739797180311649,0,-0.3739797180311649
Northern Africa,0.002968093000247341,Southern Europe,0.04922087558743507,1.7719515211476624,2,0.2280484788523376
Northern Africa,0.002968093000247341,Sub-Saharan Africa,0.004617033555940308,0.1662132080138511,0,-0.1662132080138511
Northern Africa,0.002968093000247341,Western Asia,0.00651331519498722,0.23447934701953993,1,0.7655206529804601
Northern Africa,0.002968093000247341,Western Europe,0.27322945007832466,9.836260202819687,11,1.1637397971803125
Northern America,0.2514634347431775,Australia and New Zealand,0.007337785472833704,22.380245692142797,6,-16.380245692142797
Northern America,0.2514634347431775,Caribbean,0.0017313875834776156,5.2807321296067276,2,-3.2807321296067276
Northern America,0.2514634347431775,Central America,0.002885645972462693,8.801220216011213,6,-2.801220216011213
Northern America,0.2514634347431775,Central Asia,8.244702778464837e-5,0.2514634347431775,0,-0.2514634347431775
Northern America,0.2514634347431775,Eastern Asia,0.011295242806496826,34.45049055981532,19,-15.450490559815321
Northern America,0.2514634347431775,Eastern Europe,0.05771291944925386,176.02440432022428,90,-86.02440432022428
Northern America,0.2514634347431775,Northern Africa,0.0015664935279083188,4.777805260120372,0,-4.777805260120372
Northern America,0.2514634347431775,Northern America,0.37323769478110314,1138.3749690823645,2244,1105.6250309176355
Northern America,0.2514634347431775,Northern Europe,0.1719844999587765,524.5527248742683,296,-228.55272487426828
Northern America,0.2514634347431775,South America,0.026383048891087477,80.46829911781681,53,-27.468299117816812
Northern America,0.2514634347431775,South-Eastern Asia,0.001813834611262264,5.532195564349905,7,1.4678044356500948
Northern America,0.2514634347431775,Southern Asia,0.010388325500865693,31.684392777640365,10,-21.684392777640365
Northern America,0.2514634347431775,Southern Europe,0.04922087558743507,150.12367054167697,62,-88.12367054167697
Northern America,0.2514634347431775,Sub-Saharan Africa,0.004617033555940308,14.081952345617939,3,-11.081952345617939
Northern America,0.2514634347431775,Western Asia,0.00651331519498722,19.865611344711024,23,3.1343886552889764
Northern America,0.2514634347431775,Western Europe,0.27322945007832466,833.3498227388902,229,-604.3498227388902
Northern Europe,0.23414955890840136,Australia and New Zealand,0.007337785472833704,20.83931074284772,21,0.16068925715228133
Northern Europe,0.23414955890840136,Caribbean,0.0017313875834776156,4.917140737076428,1,-3.917140737076428
Northern Europe,0.23414955890840136,Central America,0.002885645972462693,8.195234561794047,5,-3.195234561794047
Northern Europe,0.23414955890840136,Central Asia,8.244702778464837e-5,0.23414955890840136,0,-0.23414955890840136
Northern Europe,0.23414955890840136,Eastern Asia,0.011295242806496826,32.078489570450984,19,-13.078489570450984
Northern Europe,0.23414955890840136,Eastern Europe,0.05771291944925386,163.90469123588096,146,-17.90469123588096
Northern Europe,0.23414955890840136,Northern Africa,0.0015664935279083188,4.448841619259626,4,-0.4488416192596256
Northern Europe,0.23414955890840136,Northern America,0.37323769478110314,1059.995053178333,722,-337.9950531783329
Northern Europe,0.23414955890840136,Northern Europe,0.1719844999587765,488.4359798829252,1126,637.5640201170747
Northern Europe,0.23414955890840136,South America,0.026383048891087477,74.92785885068844,73,-1.9278588506884375
Northern Europe,0.23414955890840136,South-Eastern Asia,0.001813834611262264,5.15129029598483,4,-1.15129029598483
Northern Europe,0.23414955890840136,Southern Asia,0.010388325500865693,29.50284442245857,19,-10.502844422458569
Northern Europe,0.23414955890840136,Southern Europe,0.04922087558743507,139.7872866683156,128,-11.787286668315602
Northern Europe,0.23414955890840136,Sub-Saharan Africa,0.004617033555940308,13.112375298870475,19,5.887624701129525
Northern Europe,0.23414955890840136,Western Asia,0.00651331519498722,18.497815153763707,8,-10.497815153763707
Northern Europe,0.23414955890840136,Western Europe,0.27322945007832466,775.971638222442,545,-230.97163822244204
South America,0.018468134223761232,Australia and New Zealand,0.007337785472833704,1.6436639459147497,0,-1.6436639459147497
South America,0.018468134223761232,Caribbean,0.0017313875834776156,0.3878308186989859,2,1.6121691813010142
South America,0.018468134223761232,Central America,0.002885645972462693,0.6463846978316432,1,0.3536153021683568
South America,0.018468134223761232,Central Asia,8.244702778464837e-5,0.018468134223761236,0,-0.018468134223761236
South America,0.018468134223761232,Eastern Asia,0.011295242806496826,2.530134388655289,0,-2.530134388655289
South America,0.018468134223761232,Eastern Europe,0.05771291944925386,12.927693956632865,0,-12.927693956632865
South America,0.018468134223761232,Northern Africa,0.0015664935279083188,0.35089455025146343,1,0.6491054497485366
South America,0.018468134223761232,Northern America,0.37323769478110314,83.6052436309671,58,-25.605243630967095
South America,0.018468134223761232,Northern Europe,0.1719844999587765,38.52452799076593,21,-17.524527990765932
South America,0.018468134223761232,South America,0.026383048891087477,5.909802951603595,89,83.0901970483964
South America,0.018468134223761232,South-Eastern Asia,0.001813834611262264,0.40629895292274715,0,-0.40629895292274715
South America,0.018468134223761232,Southern Asia,0.010388325500865693,2.3269849121939155,0,-2.3269849121939155
South America,0.018468134223761232,Southern Europe,0.04922087558743507,11.025476131585457,20,8.974523868414543
South America,0.018468134223761232,Sub-Saharan Africa,0.004617033555940308,1.034215516530629,0,-1.034215516530629
South America,0.018468134223761232,Western Asia,0.00651331519498722,1.4589826036771374,0,-1.4589826036771374
South America,0.018468134223761232,Western Europe,0.27322945007832466,61.20339681754473,32,-29.20339681754473
South-Eastern Asia,0.002308516777970154,Australia and New Zealand,0.007337785472833704,0.20545799323934372,0,-0.20545799323934372
South-Eastern Asia,0.002308516777970154,Caribbean,0.0017313875834776156,0.048478852337373236,0,-0.048478852337373236
South-Eastern Asia,0.002308516777970154,Central America,0.002885645972462693,0.0807980872289554,0,-0.0807980872289554
South-Eastern Asia,0.002308516777970154,Central Asia,8.244702778464837e-5,0.0023085167779701545,0,-0.0023085167779701545
South-Eastern Asia,0.002308516777970154,Eastern Asia,0.011295242806496826,0.31626679858191115,1,0.6837332014180888
South-Eastern Asia,0.002308516777970154,Eastern Europe,0.05771291944925386,1.6159617445791081,0,-1.6159617445791081
South-Eastern Asia,0.002308516777970154,Northern Africa,0.0015664935279083188,0.04386181878143293,0,-0.04386181878143293
South-Eastern Asia,0.002308516777970154,Northern America,0.37323769478110314,10.450655453870887,9,-1.450655453870887
South-Eastern Asia,0.002308516777970154,Northern Europe,0.1719844999587765,4.8155659988457415,1,-3.8155659988457415
South-Eastern Asia,0.002308516777970154,South America,0.026383048891087477,0.7387253689504494,0,-0.7387253689504494
South-Eastern Asia,0.002308516777970154,South-Eastern Asia,0.001813834611262264,0.05078736911534339,8,7.949212630884657
South-Eastern Asia,0.002308516777970154,Southern Asia,0.010388325500865693,0.29087311402423943,0,-0.29087311402423943
South-Eastern Asia,0.002308516777970154,Southern Europe,0.04922087558743507,1.378184516448182,2,0.6218154835518179
South-Eastern Asia,0.002308516777970154,Sub-Saharan Africa,0.004617033555940308,0.12927693956632863,2,1.8707230604336713
South-Eastern Asia,0.002308516777970154,Western Asia,0.00651331519498722,0.18237282545964217,0,-0.18237282545964217
South-Eastern Asia,0.002308516777970154,Western Europe,0.27322945007832466,7.650424602193091,5,-2.650424602193091
Southern Asia,0.013438865528897684,Australia and New Zealand,0.007337785472833704,1.1960590320718938,1,-0.1960590320718938
Southern Asia,0.013438865528897684,Caribbean,0.0017313875834776156,0.28221617610685135,0,-0.28221617610685135
Southern Asia,0.013438865528897684,Central America,0.002885645972462693,0.47036029351141895,0,-0.47036029351141895
Southern Asia,0.013438865528897684,Central Asia,8.244702778464837e-5,0.013438865528897684,0,-0.013438865528897684
Southern Asia,0.013438865528897684,Eastern Asia,0.011295242806496826,1.8411245774589826,1,-0.8411245774589826
Southern Asia,0.013438865528897684,Eastern Europe,0.05771291944925386,9.40720587022838,5,-4.407205870228379
Southern Asia,0.013438865528897684,Northern Africa,0.0015664935279083188,0.25533844504905595,0,-0.25533844504905595
Southern Asia,0.013438865528897684,Northern America,0.37323769478110314,60.83774424931981,36,-24.83774424931981
Southern Asia,0.013438865528897684,Northern Europe,0.1719844999587765,28.033473493280567,18,-10.033473493280567
Southern Asia,0.013438865528897684,South America,0.026383048891087477,4.300436969247259,1,-3.300436969247259
Southern Asia,0.013438865528897684,South-Eastern Asia,0.001813834611262264,0.295655041635749,0,-0.295655041635749
Southern Asia,0.013438865528897684,Southern Asia,0.010388325500865693,1.6932970566411079,75,73.30670294335889
Southern Asia,0.013438865528897684,Southern Europe,0.04922087558743507,8.023002720751917,1,-7.023002720751917
Southern Asia,0.013438865528897684,Sub-Saharan Africa,0.004617033555940308,0.7525764696182702,0,-0.7525764696182702
Southern Asia,0.013438865528897684,Western Asia,0.00651331519498722,1.061670376782917,0,-1.061670376782917
Southern Asia,0.013438865528897684,Western Europe,0.27322945007832466,44.53640036276692,25,-19.53640036276692
Southern Europe,0.05227141561546706,Australia and New Zealand,0.007337785472833704,4.652155989776568,0,-4.652155989776568
Southern Europe,0.05227141561546706,Caribbean,0.0017313875834776156,1.0976997279248084,0,-1.0976997279248084
Southern Europe,0.05227141561546706,Central America,0.002885645972462693,1.8294995465413473,0,-1.8294995465413473
Southern Europe,0.05227141561546706,Central Asia,8.244702778464837e-5,0.05227141561546707,0,-0.05227141561546707
Southern Europe,0.05227141561546706,Eastern Asia,0.011295242806496826,7.161183939318988,1,-6.161183939318988
Southern Europe,0.05227141561546706,Eastern Europe,0.05771291944925386,36.58999093082694,8,-28.589990930826943
Southern Europe,0.05227141561546706,Northern Africa,0.0015664935279083188,0.9931568966938741,0,-0.9931568966938741
Southern Europe,0.05227141561546706,Northern America,0.37323769478110314,236.6326984912194,187,-49.6326984912194
Southern Europe,0.05227141561546706,Northern Europe,0.1719844999587765,109.03817297386429,48,-61.03817297386429
Southern Europe,0.05227141561546706,South America,0.026383048891087477,16.72685299694946,10,-6.726852996949461
Southern Europe,0.05227141561546706,South-Eastern Asia,0.001813834611262264,1.1499711435402753,0,-1.1499711435402753
Southern Europe,0.05227141561546706,Southern Asia,0.010388325500865693,6.58619836754885,2,-4.58619836754885
Southern Europe,0.05227141561546706,Southern Europe,0.04922087558743507,31.206035122433835,255,223.79396487756617
Southern Europe,0.05227141561546706,Sub-Saharan Africa,0.004617033555940308,2.9271992744661555,1,-1.9271992744661555
Southern Europe,0.05227141561546706,Western Asia,0.00651331519498722,4.129441833621898,0,-4.129441833621898
Southern Europe,0.05227141561546706,Western Europe,0.27322945007832466,173.22747134965783,122,-51.22747134965783
Sub-Saharan Africa,0.004699480583724957,Australia and New Zealand,0.007337785472833704,0.4182537719515212,1,0.5817462280484789
Sub-Saharan Africa,0.004699480583724957,Caribbean,0.0017313875834776156,0.0986890922582241,0,-0.0986890922582241
Sub-Saharan Africa,0.004699480583724957,Central America,0.002885645972462693,0.16448182043037352,0,-0.16448182043037352
Sub-Saharan Africa,0.004699480583724957,Central Asia,8.244702778464837e-5,0.004699480583724957,0,-0.004699480583724957
Sub-Saharan Africa,0.004699480583724957,Eastern Asia,0.011295242806496826,0.6438288399703191,0,-0.6438288399703191
Sub-Saharan Africa,0.004699480583724957,Eastern Europe,0.05771291944925386,3.2896364086074703,0,-3.2896364086074703
Sub-Saharan Africa,0.004699480583724957,Northern Africa,0.0015664935279083188,0.08929013109077419,1,0.9107098689092258
Sub-Saharan Africa,0.004699480583724957,Northern America,0.37323769478110314,21.27454860252288,9,-12.27454860252288
Sub-Saharan Africa,0.004699480583724957,Northern Europe,0.1719844999587765,9.803116497650262,5,-4.803116497650262
Sub-Saharan Africa,0.004699480583724957,South America,0.026383048891087477,1.5038337867919864,0,-1.5038337867919864
Sub-Saharan Africa,0.004699480583724957,South-Eastern Asia,0.001813834611262264,0.10338857284194906,0,-0.10338857284194906
Sub-Saharan Africa,0.004699480583724957,Southern Asia,0.010388325500865693,0.5921345535493445,0,-0.5921345535493445
Sub-Saharan Africa,0.004699480583724957,Southern Europe,0.04922087558743507,2.805589908483799,4,1.1944100915162008
Sub-Saharan Africa,0.004699480583724957,Sub-Saharan Africa,0.004617033555940308,0.2631709126885976,20,19.736829087311403
Sub-Saharan Africa,0.004699480583724957,Western Asia,0.00651331519498722,0.3712589661142716,0,-0.3712589661142716
Sub-Saharan Africa,0.004699480583724957,Western Europe,0.27322945007832466,15.574078654464508,17,1.4259213455354924
Western Asia,0.012696842278835848,Australia and New Zealand,0.007337785472833704,1.1300189628163904,0,-1.1300189628163904
Western Asia,0.012696842278835848,Caribbean,0.0017313875834776156,0.2666336878555528,0,-0.2666336878555528
Western Asia,0.012696842278835848,Central America,0.002885645972462693,0.4443894797592547,0,-0.4443894797592547
Western Asia,0.012696842278835848,Central Asia,8.244702778464837e-5,0.012696842278835848,0,-0.012696842278835848
Western Asia,0.012696842278835848,Eastern Asia,0.011295242806496826,1.7394673922005113,0,-1.7394673922005113
Western Asia,0.012696842278835848,Eastern Europe,0.05771291944925386,8.887789595185094,1,-7.887789595185094
Western Asia,0.012696842278835848,Northern Africa,0.0015664935279083188,0.2412400032978811,3,2.758759996702119
Western Asia,0.012696842278835848,Northern America,0.37323769478110314,57.47860499628988,53,-4.4786049962898815
Western Asia,0.012696842278835848,Northern Europe,0.1719844999587765,26.48561299365158,26,-0.4856129936515785
Western Asia,0.012696842278835848,South America,0.026383048891087477,4.062989529227472,1,-3.0629895292274716
Western Asia,0.012696842278835848,South-Eastern Asia,0.001813834611262264,0.27933053013438863,0,-0.27933053013438863
Western Asia,0.012696842278835848,Southern Asia,0.010388325500865693,1.5998021271333167,1,-0.5998021271333167
Western Asia,0.012696842278835848,Southern Europe,0.04922087558743507,7.580014840465001,3,-4.580014840465001
Western Asia,0.012696842278835848,Sub-Saharan Africa,0.004617033555940308,0.7110231676148074,0,-0.7110231676148074
Western Asia,0.012696842278835848,Western Asia,0.00651331519498722,1.0030505400280318,23,21.99694945997197
Western Asia,0.012696842278835848,Western Europe,0.27322945007832466,42.077335312062,43,0.9226646879380027
Western Europe,0.3286338527496084,Australia and New Zealand,0.007337785472833704,29.248412894715145,14,-15.248412894715145
Western Europe,0.3286338527496084,Caribbean,0.0017313875834776156,6.901310907741776,1,-5.901310907741776
Western Europe,0.3286338527496084,Central America,0.002885645972462693,11.502184846236293,10,-1.5021848462362932
Western Europe,0.3286338527496084,Central Asia,8.244702778464837e-5,0.3286338527496084,1,0.6713661472503916
Western Europe,0.3286338527496084,Eastern Asia,0.011295242806496826,45.02283782669635,16,-29.022837826696353
Western Europe,0.3286338527496084,Eastern Europe,0.05771291944925386,230.04369692472588,133,-97.04369692472588
Western Europe,0.3286338527496084,Northern Africa,0.0015664935279083188,6.244043202242559,1,-5.244043202242559
Western Europe,0.3286338527496084,Northern America,0.37323769478110314,1487.7254513974772,975,-512.7254513974772
Western Europe,0.3286338527496084,Northern Europe,0.1719844999587765,685.5302168356831,408,-277.53021683568306
Western Europe,0.3286338527496084,South America,0.026383048891087477,105.16283287987468,81,-24.162832879874685
Western Europe,0.3286338527496084,South-Eastern Asia,0.001813834611262264,7.229944760491384,0,-7.229944760491384
Western Europe,0.3286338527496084,Southern Asia,0.010388325500865693,41.40786544645065,19,-22.40786544645065
Western Europe,0.3286338527496084,Southern Europe,0.04922087558743507,196.19441009151618,103,-93.19441009151618
Western Europe,0.3286338527496084,Sub-Saharan Africa,0.004617033555940308,18.403495753978067,10,-8.403495753978067
Western Europe,0.3286338527496084,Western Asia,0.00651331519498722,25.96207436721906,22,-3.96207436721906
Western Europe,0.3286338527496084,Western Europe,0.27322945007832466,1089.0925880122022,2192,1102.9074119877978
