from,p_from,to,p_to,expected,obs,o_minus_e,perm_lo,perm_hi,outside_null
Western Europe,0.39030335861321774,Western Europe,0.3837254295000774,3870.6384073672807,6931,3060.3615926327193,478.3615926327193,611.3615926327193,TRUE
Northern America,0.17563070732084818,Northern America,0.2571970283237889,1167.4173115616777,3406,2238.5826884383223,431.5826884383223,535.6076884383222,TRUE
Northern Europe,0.24651756694010216,Northern Europe,0.18851570964247022,1201.0335861321778,3062,1860.9664138678222,217.94141386782223,319.9664138678222,TRUE
Northern America,0.17563070732084818,Western Europe,0.3837254295000774,1741.7297245008513,370,-1371.7297245008513,-407.7547245008513,-308.72972450085126,TRUE
Western Europe,0.39030335861321774,Northern America,0.2571970283237889,2594.3464247020584,1434,-1160.3464247020584,-262.37142470205833,-145.34642470205836,TRUE
Western Europe,0.39030335861321774,Northern Europe,0.18851570964247022,1901.5579631635972,928,-973.5579631635972,-179.55796316359715,-69.55796316359715,TRUE
Northern Europe,0.24651756694010216,Western Europe,0.3837254295000774,2444.714711344993,1538,-906.7147113449928,-171.7147113449928,-51.71471134499279,TRUE
Southern Europe,0.06546974152607955,Southern Europe,0.05985915492957746,101.28169014084506,907,805.7183098591549,63.71830985915494,104.71830985915494,TRUE
Eastern Europe,0.06059433524222257,Eastern Europe,0.05540937935304133,86.77108806686272,760,673.2289119331373,32.203911933137285,72.22891193313728,TRUE
Northern Europe,0.24651756694010216,Northern America,0.2571970283237889,1638.602267450859,1034,-604.602267450859,-283.602267450859,-183.60226745085902,TRUE
Northern America,0.17563070732084818,Northern Europe,0.18851570964247022,855.6728060671724,431,-424.67280606717236,-113.67280606717236,-30.67280606717236,TRUE
Western Europe,0.39030335861321774,Southern Europe,0.05985915492957746,603.7992957746478,234,-369.7992957746478,-96.79929577464782,-31.799295774647817,TRUE
Southern Europe,0.06546974152607955,Western Europe,0.3837254295000774,649.2634267141309,351,-298.2634267141309,-16.2634267141309,49.76157328586896,TRUE
Western Europe,0.39030335861321774,Eastern Europe,0.05540937935304133,558.9144095341279,296,-262.9144095341279,-81.91440953412791,-13.889409534128049,TRUE
Eastern Europe,0.06059433524222257,Northern America,0.2571970283237889,402.7705463550534,176,-226.7705463550534,-44.7705463550534,10.254453644946466,TRUE
Southern Europe,0.06546974152607955,Northern Europe,0.18851570964247022,318.9685807150596,123,-195.9685807150596,-40.9685807150596,16.031419284940398,TRUE
Northern America,0.17563070732084818,Southern Europe,0.05985915492957746,271.70070422535207,77,-194.70070422535207,-95.70070422535207,-50.70070422535207,TRUE
Southern Europe,0.06546974152607955,Northern America,0.2571970283237889,435.1773719238508,243,-192.17737192385079,-112.20237192385078,-57.177371923850785,TRUE
Eastern Asia,0.013465407831605014,Eastern Asia,0.010021668472372697,3.4875406283856987,181,177.5124593716143,9.512459371614302,23.512459371614302,TRUE
South America,0.013658876334932672,South America,0.01984986844141774,7.007003559820462,168,160.99299644017952,8.992996440179539,25.99299644017954,TRUE
Eastern Europe,0.06059433524222257,Western Europe,0.3837254295000774,600.9140225971212,444,-156.91402259712117,-27.914022597121175,36.085977402878825,TRUE
Northern America,0.17563070732084818,Eastern Europe,0.05540937935304133,251.5031728834546,99,-152.5031728834546,-34.503172883454596,16.496827116545404,TRUE
Eastern Europe,0.06059433524222257,Northern Europe,0.18851570964247022,295.21560130010835,143,-152.21560130010835,-38.21560130010835,16.784398699891653,TRUE
Northern Europe,0.24651756694010216,Southern Europe,0.05985915492957746,381.362676056338,241,-140.362676056338,33.63732394366201,92.63732394366201,TRUE
Northern Europe,0.24651756694010216,Eastern Europe,0.05540937935304133,353.0131558582263,240,-113.0131558582263,-21.0131558582263,36.9868441417737,TRUE
Southern Asia,0.008086983439096114,Southern Asia,0.007622659031109735,1.5931357375019344,106,104.40686426249806,0.4068642624980656,10.406864262498065,TRUE
Eastern Asia,0.013465407831605014,Western Europe,0.3837254295000774,133.53644946602694,38,-95.53644946602694,-36.53644946602694,-5.536449466026937,TRUE
South America,0.013658876334932672,Western Europe,0.3837254295000774,135.45507661352732,53,-82.45507661352732,-35.455076613527325,-4.455076613527325,TRUE
Western Europe,0.39030335861321774,South America,0.01984986844141774,200.22562296858072,118,-82.22562296858072,-67.22562296858072,-29.225622968580723,TRUE
Western Europe,0.39030335861321774,Eastern Asia,0.010021668472372697,101.0885698808234,28,-73.0885698808234,-25.0885698808234,2.9114301191766003,TRUE
Southern Europe,0.06546974152607955,Eastern Europe,0.05540937935304133,93.75266986534592,22,-71.75266986534592,-17.752669865345922,16.247330134654078,TRUE
Eastern Europe,0.06059433524222257,Southern Europe,0.05985915492957746,93.7394366197183,28,-65.7394366197183,-23.739436619718305,8.260563380281695,TRUE
Australia and New Zealand,0.006461848011143786,Western Europe,0.3837254295000774,64.08214672651292,10,-54.08214672651292,-22.082146726512917,-0.05714672651305364,TRUE
Australia and New Zealand,0.006461848011143786,Australia and New Zealand,0.00398545116854976,0.66557034514781,53,52.33442965485219,-0.66557034514781,4.33442965485219,TRUE
Southern Asia,0.008086983439096114,Western Europe,0.3837254295000774,80.19861476551615,30,-50.198614765516155,-29.198614765516155,-3.1986147655161545,TRUE
Western Europe,0.39030335861321774,Southern Asia,0.007622659031109735,76.88976164680389,30,-46.88976164680389,-28.88976164680389,-4.8897616468038905,TRUE
South America,0.013658876334932672,Northern Europe,0.18851570964247022,66.54604550379199,23,-43.54604550379199,-18.546045503791987,6.453954496208013,TRUE
Northern Europe,0.24651756694010216,Eastern Asia,0.010021668472372697,63.84804983748646,21,-42.84804983748646,-25.848049837486457,-1.8480498374864567,TRUE
Eastern Asia,0.013465407831605014,Northern Europe,0.18851570964247022,65.60346695557963,30,-35.603466955579634,-26.603466955579634,-2.603466955579634,TRUE
Eastern Europe,0.06059433524222257,South America,0.01984986844141774,31.08489397926018,2,-29.08489397926018,-19.08489397926018,-3.0848939792601797,TRUE
Northern America,0.17563070732084818,South America,0.01984986844141774,90.09855285559512,62,-28.098552855595116,-13.098552855595116,16.901447144404884,TRUE
Caribbean,0.0023603157405974306,Caribbean,0.002437703141928494,0.1486998916576381,28,27.85130010834236,-0.1486998916576381,4.851300108342362,TRUE
Western Asia,0.007932208636433988,Western Asia,0.0038306763658876334,0.7852886550069649,28,27.214711344993034,-0.7852886550069649,3.2147113449930353,TRUE
Western Europe,0.39030335861321774,Australia and New Zealand,0.00398545116854976,40.20124593716143,15,-25.20124593716143,-17.20124593716143,-0.20124593716143124,TRUE
Australia and New Zealand,0.006461848011143786,Northern Europe,0.18851570964247022,31.482123510292528,56,24.517876489707472,-11.482123510292528,6.517876489707472,TRUE
Northern America,0.17563070732084818,Eastern Asia,0.010021668472372697,45.48835319609967,21,-24.488353196099673,1.5116468039003266,25.53664680390019,TRUE
Caribbean,0.0023603157405974306,Western Europe,0.3837254295000774,23.407251199504717,1,-22.407251199504717,-7.407251199504717,5.592748800495283,TRUE
Sub-Saharan Africa,0.002553784243925089,Sub-Saharan Africa,0.002321622039931899,0.15322705463550534,22,21.846772945364496,-0.15322705463550534,3.8467729453644948,TRUE
Northern America,0.17563070732084818,Southern Asia,0.007622659031109735,34.59924934220709,13,-21.599249342207088,-5.599249342207088,15.400750657792912,TRUE
Northern Africa,0.003637207862559975,Northern Africa,0.0021668472372697724,0.20368364030335862,21,20.79631635969664,-0.20368364030335862,3.7963163596966414,TRUE
South America,0.013658876334932672,Eastern Europe,0.05540937935304133,19.559510911623587,0,-19.559510911623587,-10.559510911623587,4.440489088376413,TRUE
Southern Asia,0.008086983439096114,Northern Europe,0.18851570964247022,39.399783315276274,21,-18.399783315276274,-15.399783315276274,3.62521668472359,TRUE
Central America,0.002012072434607646,Central America,0.001779910230614456,0.09255533199195172,17,16.907444668008047,-0.09255533199195172,2.9074446680080483,TRUE
Western Europe,0.39030335861321774,Northern Africa,0.0021668472372697724,21.856988082340195,5,-16.856988082340195,-4.8569880823401945,8.143011917659805,TRUE
Eastern Asia,0.013465407831605014,Southern Europe,0.05985915492957746,20.830985915492956,4,-16.830985915492956,-13.830985915492956,-0.8309859154929562,TRUE
Northern Europe,0.24651756694010216,South America,0.01984986844141774,126.46351184027242,110,-16.463511840272417,1.5364881597275826,37.53648815972758,TRUE
Northern Europe,0.24651756694010216,Western Asia,0.0038306763658876334,24.405239127070114,8,-16.405239127070114,-9.405239127070114,5.594760872929886,TRUE
Southern Europe,0.06546974152607955,Eastern Asia,0.010021668472372697,16.956663055254605,1,-15.956663055254605,-8.956663055254605,4.043336944745395,TRUE
Northern Africa,0.003637207862559975,Western Europe,0.3837254295000774,36.07019037300727,52,15.929809626992729,-8.070190373007271,9.929809626992729,TRUE
Eastern Asia,0.013465407831605014,Eastern Europe,0.05540937935304133,19.28246401485838,4,-15.28246401485838,-10.28246401485838,4.71753598514162,TRUE
Northern Africa,0.003637207862559975,Northern America,0.2571970283237889,24.176520662436154,10,-14.176520662436154,-6.176520662436154,9.823479337563846,TRUE
Caribbean,0.0023603157405974306,South America,0.01984986844141774,1.2108419749264818,15,13.789158025073519,1.7891580250735182,10.789158025073519,TRUE
Western Europe,0.39030335861321774,Sub-Saharan Africa,0.002321622039931899,23.418201516793065,10,-13.418201516793065,-13.418201516793065,-0.41820151679306505,FALSE
Western Asia,0.007932208636433988,Northern America,0.2571970283237889,52.72539080637672,66,13.274609193623277,-0.7253908063767227,22.274609193623277,FALSE
Eastern Europe,0.06059433524222257,Eastern Asia,0.010021668472372697,15.693932827735644,3,-12.693932827735644,-8.693932827735644,4.306067172264356,TRUE
Central America,0.002012072434607646,Western Europe,0.3837254295000774,19.953722334004027,8,-11.953722334004027,-7.953722334004027,4.046277665995973,TRUE
South America,0.013658876334932672,Northern America,0.2571970283237889,90.79055099829748,79,-11.790550998297476,-10.790550998297476,18.209449001702524,TRUE
Southern Asia,0.008086983439096114,Northern America,0.2571970283237889,53.754178919671865,42,-11.754178919671865,5.245821080328135,29.270821080328,TRUE
Western Asia,0.007932208636433988,Western Europe,0.3837254295000774,78.66371304751586,67,-11.663713047515856,-25.663713047515856,-0.6637130475158557,FALSE
Northern Europe,0.24651756694010216,Caribbean,0.002437703141928494,15.530606717226435,4,-11.530606717226435,-7.530606717226435,5.469393282773565,TRUE
Northern America,0.17563070732084818,Australia and New Zealand,0.00398545116854976,18.08996285404736,7,-11.08996285404736,-4.089962854047361,10.91003714595264,TRUE
South-Eastern Asia,0.001315585822628076,South-Eastern Asia,0.001238198421297013,0.04209874632409844,11,10.957901253675901,-0.04209874632409844,1.9579012536759015,TRUE
Eastern Europe,0.06059433524222257,Southern Asia,0.007622659031109735,11.937084042717846,1,-10.937084042717846,-6.937084042717846,4.062915957282154,TRUE
Northern Africa,0.003637207862559975,Northern Europe,0.18851570964247022,17.7204767063922,7,-10.720476706392201,-9.720476706392201,3.2795232936077987,TRUE
Western Europe,0.39030335861321774,Western Asia,0.0038306763658876334,38.64003250270856,28,-10.640032502708557,-14.640032502708557,2.359967497291443,FALSE
Western Europe,0.39030335861321774,Caribbean,0.002437703141928494,24.58911159263272,14,-10.589111592632719,-6.589111592632719,7.410888407367281,TRUE
Southern Asia,0.008086983439096114,Southern Europe,0.05985915492957746,12.510563380281688,2,-10.510563380281688,-8.510563380281688,1.4894366197183118,TRUE
Australia and New Zealand,0.006461848011143786,Northern America,0.2571970283237889,42.95190373007274,33,-9.951903730072743,-3.9519037300727433,18.048096269927257,TRUE
Southern Europe,0.06546974152607955,Southern Asia,0.007622659031109735,12.89753908063767,3,-9.89753908063767,-6.897539080637671,6.102460919362329,TRUE
Northern America,0.17563070732084818,Western Asia,0.0038306763658876334,17.38744002476397,27,9.612559975236032,-2.3874400247639684,12.637559975235895,FALSE
Caribbean,0.0023603157405974306,Northern Europe,0.18851570964247022,11.499458288190683,2,-9.499458288190683,-8.499458288190683,1.5005417118093174,TRUE
Western Asia,0.007932208636433988,Northern Europe,0.18851570964247022,38.645720476706394,30,-8.645720476706394,-15.645720476706394,3.3792795232934694,FALSE
Western Asia,0.007932208636433988,Eastern Europe,0.05540937935304133,11.358922767373471,3,-8.358922767373471,-3.358922767373471,9.641077232626529,TRUE
Sub-Saharan Africa,0.002553784243925089,Western Europe,0.3837254295000774,25.32587834700511,17,-8.325878347005109,-12.325878347005109,1.6741216529948915,FALSE
Western Europe,0.39030335861321774,Central America,0.001779910230614456,17.953954496208016,10,-7.953954496208016,-8.953954496208016,2.0460455037919836,FALSE
Northern America,0.17563070732084818,Northern Africa,0.0021668472372697724,9.835319609967497,2,-7.835319609967497,-5.835319609967497,5.164680390032503,TRUE
Northern America,0.17563070732084818,Sub-Saharan Africa,0.002321622039931899,10.53784243925089,3,-7.537842439250889,-1.5378424392508894,10.46215756074911,TRUE
Western Europe,0.39030335861321774,South-Eastern Asia,0.001238198421297013,12.48970747562297,5,-7.48970747562297,-6.48970747562297,3.5102925243770304,TRUE
Western Asia,0.007932208636433988,Southern Europe,0.05985915492957746,12.27112676056338,5,-7.27112676056338,-6.27112676056338,5.72887323943662,TRUE
Australia and New Zealand,0.006461848011143786,Eastern Europe,0.05540937935304133,9.2533663519579,2,-7.253366351957901,-4.253366351957901,7.746633648042099,TRUE
Northern America,0.17563070732084818,Caribbean,0.002437703141928494,11.064734561213434,4,-7.0647345612134345,-7.0647345612134345,1.9352654387865655,FALSE
Sub-Saharan Africa,0.002553784243925089,Northern America,0.2571970283237889,16.975003869370067,10,-6.975003869370067,-3.9750038693700667,10.024996130629933,TRUE
Central America,0.002012072434607646,Northern Europe,0.18851570964247022,9.802816901408454,3,-6.802816901408454,-6.802816901408454,3.1971830985915464,FALSE
Southern Europe,0.06546974152607955,Australia and New Zealand,0.00398545116854976,6.743383377186194,0,-6.743383377186194,-3.743383377186194,5.256616622813806,TRUE
Southern Europe,0.06546974152607955,South America,0.01984986844141774,33.58597740287881,27,-6.585977402878811,-8.585977402878811,12.414022597121189,FALSE
Southern Asia,0.008086983439096114,Eastern Europe,0.05540937935304133,11.580560284785635,5,-6.580560284785635,-6.580560284785635,6.419439715214365,FALSE
Northern Europe,0.24651756694010216,Sub-Saharan Africa,0.002321622039931899,14.791054016406129,21,6.208945983593871,-4.791054016406129,7.208945983593871,FALSE
South-Eastern Asia,0.001315585822628076,Western Europe,0.3837254295000774,13.04666460300263,7,-6.046664603002631,-7.046664603002631,2.9533353969973692,FALSE
Central America,0.002012072434607646,Caribbean,0.002437703141928494,0.12676056338028172,6,5.873239436619718,-0.12676056338028172,2.8732394366197185,TRUE
Caribbean,0.0023603157405974306,Northern America,0.2571970283237889,15.68901872775112,10,-5.689018727751121,-11.68901872775112,-2.6890187277511206,FALSE
Northern Europe,0.24651756694010216,Southern Asia,0.007622659031109735,48.56396068720012,43,-5.563960687200122,-7.563960687200122,14.436039312799878,FALSE
Central America,0.002012072434607646,Northern America,0.2571970283237889,13.374245472837023,8,-5.374245472837023,-8.374245472837023,1.625754527162977,FALSE
Northern Africa,0.003637207862559975,Eastern Europe,0.05540937935304133,5.2084816591858845,0,-5.2084816591858845,-2.2084816591858845,7.7915183408141155,TRUE
Eastern Europe,0.06059433524222257,Western Asia,0.0038306763658876334,5.998839188980034,1,-4.998839188980034,-3.9988391889800337,5.001160811019966,TRUE
South-Eastern Asia,0.001315585822628076,Northern Europe,0.18851570964247022,6.409534127843988,2,-4.409534127843988,-5.409534127843988,2.5904658721560123,FALSE
Northern Europe,0.24651756694010216,Central America,0.001779910230614456,11.3398080792447,7,-4.339808079244699,-5.339808079244699,5.660191920755301,FALSE
Eastern Europe,0.06059433524222257,Australia and New Zealand,0.00398545116854976,6.241216529948924,2,-4.241216529948924,-5.241216529948924,3.7587834700510756,FALSE
Eastern Asia,0.013465407831605014,South America,0.01984986844141774,6.907754217613373,3,-3.9077542176133733,-3.9077542176133733,4.092245782386627,FALSE
Eastern Europe,0.06059433524222257,Caribbean,0.002437703141928494,3.8174431202600214,0,-3.8174431202600214,-2.8174431202600214,4.182556879739979,TRUE
Sub-Saharan Africa,0.002553784243925089,Eastern Europe,0.05540937935304133,3.6570190373007274,0,-3.6570190373007274,-3.6570190373007274,3.3429809626992726,FALSE
Eastern Europe,0.06059433524222257,Sub-Saharan Africa,0.002321622039931899,3.635660114533354,0,-3.635660114533354,-3.635660114533354,-0.635660114533354,FALSE
Northern Africa,0.003637207862559975,Southern Europe,0.05985915492957746,5.626760563380281,2,-3.626760563380281,-4.626760563380281,2.373239436619719,FALSE
Caribbean,0.0023603157405974306,Eastern Europe,0.05540937935304133,3.3799721405355205,0,-3.3799721405355205,-3.3799721405355205,1.6200278594644795,FALSE
Australia and New Zealand,0.006461848011143786,South America,0.01984986844141774,3.3149280297167625,0,-3.3149280297167625,-2.3149280297167625,5.6850719702832375,TRUE
Southern Asia,0.008086983439096114,South America,0.01984986844141774,4.1486225042563065,1,-3.1486225042563065,-2.1486225042563065,5.8513774957436935,TRUE
Southern Europe,0.06546974152607955,Central America,0.001779910230614456,3.0116081101996595,0,-3.0116081101996595,-3.0116081101996595,3.9883918898003405,FALSE
Central America,0.002012072434607646,South America,0.01984986844141774,1.0321931589537225,4,2.9678068410462775,0.9678068410462775,8.967806841046277,FALSE
Southern Europe,0.06546974152607955,Sub-Saharan Africa,0.002321622039931899,3.9281844915647732,1,-2.9281844915647732,-2.9281844915647732,4.071815508435227,FALSE
Northern Europe,0.24651756694010216,South-Eastern Asia,0.001238198421297013,7.888562142083269,5,-2.888562142083269,-4.888562142083269,4.111437857916731,FALSE
South America,0.013658876334932672,Southern Europe,0.05985915492957746,21.130281690140844,24,2.869718309859156,-4.130281690140844,12.869718309859156,FALSE
Eastern Europe,0.06059433524222257,Central America,0.001779910230614456,2.7873394211422378,0,-2.7873394211422378,-2.7873394211422378,1.2126605788577622,FALSE
South America,0.013658876334932672,Southern Asia,0.007622659031109735,2.6907986379817364,0,-2.6907986379817364,-1.6907986379817364,5.309201362018264,TRUE
Eastern Asia,0.013465407831605014,Southern Asia,0.007622659031109735,2.652685342826188,0,-2.652685342826188,-2.652685342826188,4.347314657173812,FALSE
Western Asia,0.007932208636433988,Northern Africa,0.0021668472372697724,0.4442036836403033,3,2.5557963163596966,-0.4442036836403033,1.5557963163596966,TRUE
South America,0.013658876334932672,Eastern Asia,0.010021668472372697,3.5376489707475622,1,-2.5376489707475622,-2.5376489707475622,3.4623510292524378,FALSE
Eastern Asia,0.013465407831605014,Northern America,0.2571970283237889,89.50456585667852,87,-2.504565856678525,12.470434143321476,43.495434143321475,TRUE
South America,0.013658876334932672,Caribbean,0.002437703141928494,0.8605092091007583,3,2.1394907908992415,-0.8605092091007583,4.1394907908992415,FALSE
Southern Europe,0.06546974152607955,South-Eastern Asia,0.001238198421297013,2.0950317288345457,0,-2.0950317288345457,-2.0950317288345457,1.9049682711654543,FALSE
Western Asia,0.007932208636433988,South America,0.01984986844141774,4.069223030490637,2,-2.0692230304906367,-2.0692230304906367,6.930776969509363,FALSE
Western Asia,0.007932208636433988,Eastern Asia,0.010021668472372697,2.054442036836403,0,-2.054442036836403,-2.054442036836403,2.945557963163597,FALSE
South-Eastern Asia,0.001315585822628076,Sub-Saharan Africa,0.002321622039931899,0.07893514935768457,2,1.9210648506423154,-0.07893514935768457,2.9210648506423156,FALSE
Northern America,0.17563070732084818,Central America,0.001779910230614456,8.079012536759015,10,1.9209874632409853,-4.079012536759015,5.920987463240985,FALSE
South-Eastern Asia,0.001315585822628076,Eastern Europe,0.05540937935304133,1.8839188980034052,0,-1.8839188980034052,-1.8839188980034052,3.1160811019965946,FALSE
Central America,0.002012072434607646,Eastern Europe,0.05540937935304133,2.8812877263581496,1,-1.8812877263581496,-2.8812877263581496,4.118712273641851,FALSE
Australia and New Zealand,0.006461848011143786,South-Eastern Asia,0.001238198421297013,0.20677913635660117,2,1.7932208636433988,-0.20677913635660117,1.7932208636433988,FALSE
Australia and New Zealand,0.006461848011143786,Eastern Asia,0.010021668472372697,1.6736186348862405,0,-1.6736186348862405,-1.6736186348862405,4.326381365113759,FALSE
Eastern Europe,0.06059433524222257,Northern Africa,0.0021668472372697724,3.3932827735644637,5,1.6067172264355363,-2.3932827735644637,4.606717226435537,FALSE
Southern Europe,0.06546974152607955,Western Asia,0.0038306763658876334,6.481504411081875,5,-1.4815044110818754,-4.481504411081875,3.5184955889181246,FALSE
Sub-Saharan Africa,0.002553784243925089,Northern Europe,0.18851570964247022,12.442036836403034,11,-1.4420368364030338,-7.442036836403034,2.557963163596966,FALSE
South America,0.013658876334932672,Australia and New Zealand,0.00398545116854976,1.4068642624980654,0,-1.4068642624980654,-1.4068642624980654,3.5931357375019344,FALSE
Northern Europe,0.24651756694010216,Australia and New Zealand,0.00398545116854976,25.39130939483052,24,-1.3913093948305217,-5.391309394830522,10.608690605169478,FALSE
Eastern Asia,0.013465407831605014,Australia and New Zealand,0.00398545116854976,1.3869370066553166,0,-1.3869370066553166,-1.3869370066553166,3.613062993344683,FALSE
Northern America,0.17563070732084818,South-Eastern Asia,0.001238198421297013,5.620182634267142,7,1.3798173657328583,-2.6201826342671417,5.379817365732858,FALSE
South America,0.013658876334932672,Western Asia,0.0038306763658876334,1.3522287571583347,0,-1.3522287571583347,-1.3522287571583347,1.6477712428416653,FALSE
Southern Europe,0.06546974152607955,Northern Africa,0.0021668472372697724,3.6663055254604546,5,1.3336944745395454,-2.6663055254604546,4.333694474539545,FALSE
Sub-Saharan Africa,0.002553784243925089,South America,0.01984986844141774,1.3100913171335709,0,-1.3100913171335709,-1.3100913171335709,5.689908682866429,FALSE
Australia and New Zealand,0.006461848011143786,Southern Asia,0.007622659031109735,1.2729840581953258,0,-1.2729840581953258,-1.2729840581953258,3.727015941804674,FALSE
Southern Asia,0.008086983439096114,Eastern Asia,0.010021668472372697,2.0945287107258936,1,-1.0945287107258936,-2.0945287107258936,2.9054712892741064,FALSE
Northern Africa,0.003637207862559975,Eastern Asia,0.010021668472372697,0.9420368364030336,0,-0.9420368364030336,-0.9420368364030336,2.057963163596966,FALSE
Eastern Europe,0.06059433524222257,South-Eastern Asia,0.001238198421297013,1.9390187277511222,1,-0.9390187277511222,-1.9390187277511222,3.0609812722488776,FALSE
Central America,0.002012072434607646,South-Eastern Asia,0.001238198421297013,0.06438631790744469,1,0.9356136820925554,-0.06438631790744469,0.9356136820925554,FALSE
Caribbean,0.0023603157405974306,Central America,0.001779910230614456,0.1085745240674818,1,0.8914254759325182,-0.1085745240674818,2.891425475932518,FALSE
Northern Africa,0.003637207862559975,South America,0.01984986844141774,1.8658876334932675,1,-0.8658876334932675,-1.8658876334932675,3.1341123665067325,FALSE
Sub-Saharan Africa,0.002553784243925089,Northern Africa,0.0021668472372697724,0.14301191765980498,1,0.856988082340195,-0.14301191765980498,0.856988082340195,FALSE
Eastern Asia,0.013465407831605014,Caribbean,0.002437703141928494,0.8483206933911159,0,-0.8483206933911159,-0.8483206933911159,1.1516793066088842,FALSE
South America,0.013658876334932672,Sub-Saharan Africa,0.002321622039931899,0.8195325800959604,0,-0.8195325800959604,-0.8195325800959604,3.1804674199040397,FALSE
Western Asia,0.007932208636433988,Australia and New Zealand,0.00398545116854976,0.8170174895527008,0,-0.8170174895527008,-0.8170174895527008,3.182982510447299,FALSE
Eastern Asia,0.013465407831605014,Sub-Saharan Africa,0.002321622039931899,0.8079244698963008,0,-0.8079244698963008,-0.8079244698963008,2.192075530103699,FALSE
Northern Europe,0.24651756694010216,Northern Africa,0.0021668472372697724,13.80498374864572,13,-0.8049837486457196,-6.80498374864572,3.1950162513542804,FALSE
Southern Asia,0.008086983439096114,Western Asia,0.0038306763658876334,0.8006113604705153,0,-0.8006113604705153,-0.8006113604705153,3.199388639529485,FALSE
Eastern Asia,0.013465407831605014,Northern Africa,0.0021668472372697724,0.7540628385698808,0,-0.7540628385698808,-0.7540628385698808,2.245937161430119,FALSE
Sub-Saharan Africa,0.002553784243925089,Australia and New Zealand,0.00398545116854976,0.26303977712428417,1,0.7369602228757158,-0.26303977712428417,2.736960222875716,FALSE
Northern Africa,0.003637207862559975,Southern Asia,0.007622659031109735,0.7165299489243151,0,-0.7165299489243151,-0.7165299489243151,1.283470051075685,FALSE
South-Eastern Asia,0.001315585822628076,South America,0.01984986844141774,0.6748955270082031,0,-0.6748955270082031,-0.6748955270082031,4.3251044729917965,FALSE
Sub-Saharan Africa,0.002553784243925089,Eastern Asia,0.010021668472372697,0.661430119176598,0,-0.661430119176598,-0.661430119176598,2.338569880823402,FALSE
South-Eastern Asia,0.001315585822628076,Eastern Asia,0.010021668472372697,0.34073672806067173,1,0.6592632719393283,-0.34073672806067173,0.6592632719393283,FALSE
Northern Africa,0.003637207862559975,Western Asia,0.0038306763658876334,0.3600835783934375,1,0.6399164216065625,-0.3600835783934375,1.6399164216065625,FALSE
Australia and New Zealand,0.006461848011143786,Western Asia,0.0038306763658876334,0.6397229531032348,0,-0.6397229531032348,-0.6397229531032348,2.385277046896629,FALSE
Eastern Asia,0.013465407831605014,Central America,0.001779910230614456,0.6194087602538306,0,-0.6194087602538306,-0.6194087602538306,2.3805912397461695,FALSE
Australia and New Zealand,0.006461848011143786,Sub-Saharan Africa,0.002321622039931899,0.38771088066862713,1,0.6122891193313729,-0.38771088066862713,2.612289119331373,FALSE
Caribbean,0.0023603157405974306,Eastern Asia,0.010021668472372697,0.6113217768147344,0,-0.6113217768147344,-0.6113217768147344,0.38867822318526557,FALSE
Western Europe,0.39030335861321774,Central Asia,3.8693700665531654e-5,0.3903033586132178,1,0.6096966413867821,-0.3903033586132178,0.6096966413867821,FALSE
Western Asia,0.007932208636433988,Southern Asia,0.007622659031109735,1.5626451013774956,1,-0.5626451013774956,-1.5626451013774956,4.462354898622368,FALSE
Southern Asia,0.008086983439096114,Caribbean,0.002437703141928494,0.5094799566630551,0,-0.5094799566630551,-0.5094799566630551,1.4905200433369448,FALSE
Sub-Saharan Africa,0.002553784243925089,Southern Asia,0.007622659031109735,0.5030954960532426,0,-0.5030954960532426,-0.5030954960532426,3.4969045039467574,FALSE
Western Asia,0.007932208636433988,Caribbean,0.002437703141928494,0.49972914409534125,0,-0.49972914409534125,-0.49972914409534125,1.5002708559046587,FALSE
Southern Asia,0.008086983439096114,Sub-Saharan Africa,0.002321622039931899,0.48521900634576687,0,-0.48521900634576687,-0.48521900634576687,3.514780993654233,FALSE
Central America,0.002012072434607646,Eastern Asia,0.010021668472372697,0.5211267605633804,1,0.47887323943661964,-0.5211267605633804,1.4788732394366195,FALSE
Western Asia,0.007932208636433988,Sub-Saharan Africa,0.002321622039931899,0.4759325181860393,0,-0.4759325181860393,-0.4759325181860393,3.524067481813961,FALSE
Caribbean,0.0023603157405974306,Southern Asia,0.007622659031109735,0.46498220089769376,0,-0.46498220089769376,-0.46498220089769376,2.5350177991023064,FALSE
Southern Asia,0.008086983439096114,Northern Africa,0.0021668472372697724,0.45287107258938236,0,-0.45287107258938236,-0.45287107258938236,1.5471289274106177,FALSE
South America,0.013658876334932672,South-Eastern Asia,0.001238198421297013,0.43708404271784557,0,-0.43708404271784557,-0.43708404271784557,1.5629159572821545,FALSE
Eastern Asia,0.013465407831605014,South-Eastern Asia,0.001238198421297013,0.4308930506113605,0,-0.4308930506113605,-0.4308930506113605,1.5691069493886394,FALSE
Australia and New Zealand,0.006461848011143786,Caribbean,0.002437703141928494,0.4070964247020585,0,-0.4070964247020585,-0.4070964247020585,0.5929035752979415,FALSE
Central America,0.002012072434607646,Southern Asia,0.007622659031109735,0.3963782696177063,0,-0.3963782696177063,-0.3963782696177063,3.6036217303822937,FALSE
Northern Africa,0.003637207862559975,Australia and New Zealand,0.00398545116854976,0.37463240984367746,0,-0.37463240984367746,-0.37463240984367746,1.6253675901563225,FALSE
Southern Asia,0.008086983439096114,Central America,0.001779910230614456,0.37200123819842124,0,-0.37200123819842124,-0.37200123819842124,2.627998761801579,FALSE
South America,0.013658876334932672,Central America,0.001779910230614456,0.6283083114069029,1,0.3716916885930971,-0.6283083114069029,4.371691688593097,FALSE
Western Asia,0.007932208636433988,Central America,0.001779910230614456,0.3648815972759635,0,-0.3648815972759635,-0.3648815972759635,1.6351184027240366,FALSE
Australia and New Zealand,0.006461848011143786,Northern Africa,0.0021668472372697724,0.361863488624052,0,-0.361863488624052,-0.361863488624052,0.6381365113759481,FALSE
Caribbean,0.0023603157405974306,Southern Europe,0.05985915492957746,3.6514084507042246,4,0.3485915492957754,0.3485915492957754,8.348591549295776,FALSE
Eastern Asia,0.013465407831605014,Western Asia,0.0038306763658876334,1.3330753753288964,1,-0.3330753753288964,-0.3330753753288964,6.666924624671104,FALSE
Australia and New Zealand,0.006461848011143786,Central America,0.001779910230614456,0.29724500851261415,0,-0.29724500851261415,-0.29724500851261415,1.7027549914873858,FALSE
South-Eastern Asia,0.001315585822628076,Southern Asia,0.007622659031109735,0.259170407057731,0,-0.259170407057731,-0.259170407057731,1.740829592942269,FALSE
Southern Asia,0.008086983439096114,South-Eastern Asia,0.001238198421297013,0.25878347005107566,0,-0.25878347005107566,-0.25878347005107566,1.7412165299489244,FALSE
South-Eastern Asia,0.001315585822628076,Northern America,0.2571970283237889,8.744698963008823,9,0.25530103699117745,-4.7446989630088225,4.2553010369911775,FALSE
Western Asia,0.007932208636433988,South-Eastern Asia,0.001238198421297013,0.25383067636588763,0,-0.25383067636588763,-0.25383067636588763,1.7461693236341125,FALSE
Sub-Saharan Africa,0.002553784243925089,Western Asia,0.0038306763658876334,0.2528246401485838,0,-0.2528246401485838,-0.2528246401485838,1.7471753598514161,FALSE
Northern Europe,0.24651756694010216,Central Asia,3.8693700665531654e-5,0.24651756694010216,0,-0.24651756694010216,-0.24651756694010216,0.7534824330598978,FALSE
Caribbean,0.0023603157405974306,Australia and New Zealand,0.00398545116854976,0.24311252128153535,0,-0.24311252128153535,-0.24311252128153535,0.7568874787184646,FALSE
South America,0.013658876334932672,Northern Africa,0.0021668472372697724,0.7648970747562296,1,0.2351029252437704,-0.7648970747562296,2.2351029252437704,FALSE
Caribbean,0.0023603157405974306,Western Asia,0.0038306763658876334,0.23367125831914562,0,-0.23367125831914562,-0.23367125831914562,0.7663287416808544,FALSE
Northern Africa,0.003637207862559975,Caribbean,0.002437703141928494,0.22914409534127844,0,-0.22914409534127844,-0.22914409534127844,0.7708559046587216,FALSE
Northern Africa,0.003637207862559975,Sub-Saharan Africa,0.002321622039931899,0.21823247175359853,0,-0.21823247175359853,-0.21823247175359853,0.7817675282464015,FALSE
Central America,0.002012072434607646,Australia and New Zealand,0.00398545116854976,0.20724346076458755,0,-0.20724346076458755,-0.20724346076458755,1.7927565392354126,FALSE
Central America,0.002012072434607646,Western Asia,0.0038306763658876334,0.19919517102615697,0,-0.19919517102615697,-0.19919517102615697,0.800804828973843,FALSE
Northern America,0.17563070732084818,Central Asia,3.8693700665531654e-5,0.17563070732084818,0,-0.17563070732084818,-0.17563070732084818,0.8243692926791518,FALSE
Northern Africa,0.003637207862559975,Central America,0.001779910230614456,0.16731156167775885,0,-0.16731156167775885,-0.16731156167775885,0.8326884383222412,FALSE
Southern Asia,0.008086983439096114,Australia and New Zealand,0.00398545116854976,0.8329592942268997,1,0.16704070577310026,-0.8329592942268997,3.1670407057731005,FALSE
Sub-Saharan Africa,0.002553784243925089,Caribbean,0.002437703141928494,0.1608884073672806,0,-0.1608884073672806,-0.1608884073672806,0.8391115926327194,FALSE
Caribbean,0.0023603157405974306,Sub-Saharan Africa,0.002321622039931899,0.14161894443584583,0,-0.14161894443584583,-0.14161894443584583,1.8583810555641542,FALSE
South-Eastern Asia,0.001315585822628076,Australia and New Zealand,0.00398545116854976,0.13550533973069184,0,-0.13550533973069184,-0.13550533973069184,1.8644946602693082,FALSE
Caribbean,0.0023603157405974306,Northern Africa,0.0021668472372697724,0.1321776814734561,0,-0.1321776814734561,-0.1321776814734561,0.8678223185265439,FALSE
South-Eastern Asia,0.001315585822628076,Western Asia,0.0038306763658876334,0.13024299644017953,0,-0.13024299644017953,-0.13024299644017953,0.8697570035598204,FALSE
Southern Europe,0.06546974152607955,Caribbean,0.002437703141928494,4.1245937161430115,4,-0.12459371614301151,-3.1245937161430115,4.8754062838569885,FALSE
Central America,0.002012072434607646,Sub-Saharan Africa,0.002321622039931899,0.12072434607645877,0,-0.12072434607645877,-0.12072434607645877,1.8792756539235413,FALSE
Sub-Saharan Africa,0.002553784243925089,Central America,0.001779910230614456,0.11747407522055409,0,-0.11747407522055409,-0.11747407522055409,1.882525924779446,FALSE
Northern Africa,0.003637207862559975,South-Eastern Asia,0.001238198421297013,0.11639065160191922,0,-0.11639065160191922,-0.11639065160191922,1.8836093483980807,FALSE
Central America,0.002012072434607646,Southern Europe,0.05985915492957746,3.1126760563380285,3,-0.11267605633802846,-3.1126760563380285,2.8873239436619715,FALSE
Central America,0.002012072434607646,Northern Africa,0.0021668472372697724,0.11267605633802817,0,-0.11267605633802817,-0.11267605633802817,0.8873239436619719,FALSE
South-Eastern Asia,0.001315585822628076,Caribbean,0.002437703141928494,0.0828819068255688,0,-0.0828819068255688,-0.0828819068255688,0.9171180931744312,FALSE
Sub-Saharan Africa,0.002553784243925089,South-Eastern Asia,0.001238198421297013,0.08172109580560286,0,-0.08172109580560286,-0.08172109580560286,1.918278904194397,FALSE
Caribbean,0.0023603157405974306,South-Eastern Asia,0.001238198421297013,0.07553010369911778,0,-0.07553010369911778,-0.07553010369911778,0.9244698963008822,FALSE
South-Eastern Asia,0.001315585822628076,Northern Africa,0.0021668472372697724,0.07367280606717226,0,-0.07367280606717226,-0.07367280606717226,0.9263271939328277,FALSE
Southern Europe,0.06546974152607955,Central Asia,3.8693700665531654e-5,0.06546974152607955,0,-0.06546974152607955,-0.06546974152607955,0.9345302584739205,FALSE
Eastern Europe,0.06059433524222257,Central Asia,3.8693700665531654e-5,0.06059433524222257,0,-0.06059433524222257,-0.06059433524222257,-0.06059433524222257,FALSE
South-Eastern Asia,0.001315585822628076,Central America,0.001779910230614456,0.060516947840891504,0,-0.060516947840891504,-0.060516947840891504,0.9394830521591085,FALSE
Sub-Saharan Africa,0.002553784243925089,Southern Europe,0.05985915492957746,3.9507042253521125,4,0.04929577464788748,-2.9507042253521125,5.049295774647888,FALSE
South-Eastern Asia,0.001315585822628076,Southern Europe,0.05985915492957746,2.0352112676056335,2,-0.035211267605633534,-1.0352112676056335,4.964788732394366,FALSE
South America,0.013658876334932672,Central Asia,3.8693700665531654e-5,0.013658876334932674,0,-0.013658876334932674,-0.013658876334932674,-0.013658876334932674,FALSE
Eastern Asia,0.013465407831605014,Central Asia,3.8693700665531654e-5,0.013465407831605016,0,-0.013465407831605016,-0.013465407831605016,-0.013465407831605016,FALSE
Southern Asia,0.008086983439096114,Central Asia,3.8693700665531654e-5,0.008086983439096114,0,-0.008086983439096114,-0.008086983439096114,-0.008086983439096114,FALSE
Western Asia,0.007932208636433988,Central Asia,3.8693700665531654e-5,0.007932208636433988,0,-0.007932208636433988,-0.007932208636433988,0.992067791363566,FALSE
Australia and New Zealand,0.006461848011143786,Central Asia,3.8693700665531654e-5,0.0064618480111437865,0,-0.0064618480111437865,-0.0064618480111437865,-0.0064618480111437865,FALSE
Northern Africa,0.003637207862559975,Central Asia,3.8693700665531654e-5,0.0036372078625599756,0,-0.0036372078625599756,-0.0036372078625599756,-0.0036372078625599756,FALSE
Australia and New Zealand,0.006461848011143786,Southern Europe,0.05985915492957746,9.996478873239436,10,0.0035211267605639307,-4.996478873239436,6.003521126760564,FALSE
Sub-Saharan Africa,0.002553784243925089,Central Asia,3.8693700665531654e-5,0.0025537842439250892,0,-0.0025537842439250892,-0.0025537842439250892,-0.0025537842439250892,FALSE
Caribbean,0.0023603157405974306,Central Asia,3.8693700665531654e-5,0.0023603157405974306,0,-0.0023603157405974306,-0.0023603157405974306,-0.0023603157405974306,FALSE
Central America,0.002012072434607646,Central Asia,3.8693700665531654e-5,0.0020120724346076465,0,-0.0020120724346076465,-0.0020120724346076465,-0.0020120724346076465,FALSE
South-Eastern Asia,0.001315585822628076,Central Asia,3.8693700665531654e-5,0.0013155858226280763,0,-0.0013155858226280763,-0.0013155858226280763,-0.0013155858226280763,FALSE
